date,timestamp_utc,open,high,low,close,Volume,Open Interest,Open Interest (Open),Open Interest (High,Open Interest (Low),Open Interest (Close)
2024-07-23,2024-07-23T13:30:00Z,0.0077243294590645,0.0077243294590645,0.0075117291373791,0.0075318539440335,10022445.00101999,,,,,
2024-07-24,2024-07-24T13:30:00Z,0.0075509278658225,0.0077151191496708,0.0075427052329128,0.0076410217993857,10233426.44241432,,,,,
2024-07-25,2024-07-25T13:30:00Z,0.0071765675331485,0.0076112222632298,0.0071765675331485,0.0074641202573704,9377303.40608437,,,,,
2024-07-26,2024-07-26T13:30:00Z,0.0077535004125542,0.0077535004125542,0.0075858272171207,0.0075894205857311,8409140.81599058,,,,,
2024-07-29,2024-07-29T13:30:00Z,0.0078150310217304,0.0078150310217304,0.0075252804689983,0.0075636678971678,6722348.75489466,,,,,
2024-07-30,2024-07-30T13:30:00Z,0.0076497729161898,0.0076497729161898,0.0075665656571815,0.0075665656571815,4988742.82530883,,,,,
2024-07-31,2024-07-31T13:30:00Z,0.0077065417198879,0.0077065417198879,0.0075884634100469,0.0076672079177298,5694724.15183717,,,,,
2024-08-01,2024-08-01T13:30:00Z,0.0074637253052147,0.0075843909597696,0.0074140670606267,0.0074140670606267,4215940.52642679,,,,,
2024-08-02,2024-08-02T13:30:00Z,0.0074584695307938,0.0076440368814739,0.0074584695307938,0.0076440368814739,5704624.56815999,,,,,
2024-08-05,2024-08-05T13:30:00Z,0.0061770863936749,0.0080488171928172,0.0061770863936749,0.0075399825650814,12388188.5239106,,,,,
2024-08-06,2024-08-06T13:30:00Z,0.0077049173558837,0.0077049173558837,0.0075840839842451,0.0076806599197021,5866280.27175154,,,,,
2024-08-07,2024-08-07T13:30:00Z,0.007607001363902,0.0076419450178066,0.0073918337463833,0.0076110513831294,7124174.55089945,,,,,
2024-08-08,2024-08-08T13:30:00Z,0.0079870977651486,0.0079870977651486,0.007259861189105,0.0072806494860718,7822265.5831636,,,,,
2024-08-09,2024-08-09T13:30:00Z,0.0074075453428177,0.0075879751047089,0.0074075453428177,0.0075624178207011,1888521.08006048,,,,,
2024-08-12,2024-08-12T13:30:00Z,0.007962624574968,0.007962624574968,0.0074116221871443,0.0074116221871443,2761069.5404923502,,,,,
2024-08-13,2024-08-13T13:30:00Z,0.0073596346978328,0.0076411437667162,0.0073596346978328,0.0076130583556829,1824881.43679472,,,,,
2024-08-14,2024-08-14T13:30:00Z,0.0076396001967215,0.0076396001967215,0.0074418939080728,0.0076018935284423,1810185.21333032,,,,,
2024-08-15,2024-08-15T13:30:00Z,0.0075695849869897,0.0075995328253736,0.0075284505398307,0.0075284505398307,3010917.61501767,,,,,
2024-08-16,2024-08-16T13:30:00Z,0.0077016430171769,0.0077016430171769,0.0075802480393944,0.007665714715166,2553534.7279396,,,,,
2024-08-19,2024-08-19T13:30:00Z,0.0075384768450135,0.0075861235532373,0.0074972912767746,0.0074972912767746,1126539.07762764,,,,,
2024-08-20,2024-08-20T13:30:00Z,0.007597862745841,0.007662225190973,0.0074637933719438,0.007662225190973,1756746.88708985,,,,,
2024-08-21,2024-08-21T13:30:00Z,0.007585762227332,0.007630107003891,0.0075436291987239,0.007630107003891,2215946.90399294,,,,,
2024-08-22,2024-08-22T13:30:00Z,0.0075648483420785,0.0075954651401005,0.0075291965935719,0.0075291965935719,1019189.59857878,,,,,
2024-08-23,2024-08-23T13:30:00Z,0.0076855955098137,0.0076855955098137,0.0074537620436444,0.007544467511049,3334149.21666946,,,,,
2024-08-26,2024-08-26T13:30:00Z,0.0075485013951085,0.0076007881743873,0.0075155594152554,0.007579966220121,2291517.65385808,,,,,
2024-08-27,2024-08-27T13:30:00Z,0.0074126828467983,0.0080988561409367,0.0073675870597033,0.0079690346083788,2345680.07521291,,,,,
2024-08-28,2024-08-28T13:30:00Z,0.0077806293646565,0.0077806293646565,0.007511158022905,0.007511158022905,2713247.01314615,,,,,
2024-08-29,2024-08-29T13:30:00Z,0.0077047450002174,0.0077047450002174,0.0075730327308371,0.0075730327308371,1303408.18672469,,,,,
2024-08-30,2024-08-30T13:30:00Z,0.007579621612004,0.007579621612004,0.0075210577748588,0.0075210577748588,2550387.50088877,,,,,
2024-09-03,2024-09-03T13:30:00Z,0.0074831619016127,0.007647536824911,0.0074438092254679,0.007647536824911,2082689.91429596,,,,,
2024-09-04,2024-09-04T13:30:00Z,0.0074787073167716,0.0078500820513264,0.0074787073167716,0.0075878415038612,1949493.34845833,,,,,
2024-09-05,2024-09-05T13:30:00Z,0.0074101564411673,0.0075803362417535,0.0074101564411673,0.0075651076296981,1568758.45484751,,,,,
2024-09-06,2024-09-06T13:30:00Z,0.0076684786278614,0.0077754281597843,0.0075505062035357,0.0075610545042859,2884314.10729665,,,,,
2024-09-09,2024-09-09T13:30:00Z,0.0076174483505679,0.0076174483505679,0.0074957167332952,0.0075589376811348,1435137.85421412,,,,,
2024-09-10,2024-09-10T13:30:00Z,0.0075308030174038,0.0075793126310396,0.0075308030174038,0.0075585093916362,1176047.4059477,,,,,
2024-09-11,2024-09-11T13:30:00Z,0.0073985730127842,0.0075812258949049,0.0073985730127842,0.0075812258949049,1709889.29891446,,,,,
2024-09-12,2024-09-12T13:30:00Z,0.0075931311630131,0.0075931311630131,0.0074981818789758,0.0075786426993678,1086355.30988565,,,,,
2024-09-13,2024-09-13T13:30:00Z,0.007532000423146,0.0076058469681358,0.0074766355140186,0.0075304349962532,1362799.28653987,,,,,
2024-09-16,2024-09-16T13:30:00Z,0.0075354762973448,0.0076283063385903,0.0074920798013528,0.0075019375288452,1460471.22478565,,,,,
2024-09-17,2024-09-17T13:30:00Z,0.0076763982322077,0.0077093240432887,0.0075812002940586,0.0076146573617602,1985264.78498636,,,,,
2024-09-18,2024-09-18T13:30:00Z,0.007481796997038,0.0076138901932216,0.0073828074030112,0.0073828074030112,2033687.70301256,,,,,
2024-09-19,2024-09-19T13:30:00Z,0.0078114149351223,0.0078114149351223,0.0075716099100085,0.0075716099100085,4445632.0397116,,,,,
2024-09-20,2024-09-20T13:30:00Z,0.0077962198671845,0.0078268178184129,0.0075323904503815,0.0075323904503815,1894889.36403676,,,,,
2024-09-23,2024-09-23T13:30:00Z,0.0077677271459991,0.0078510772133983,0.0075797070905386,0.0076575113843179,2042440.03056816,,,,,
2024-09-24,2024-09-24T13:30:00Z,0.007539633098876,0.0075776272964259,0.0075389296179452,0.0075728747913691,2046989.66175367,,,,,
2024-09-25,2024-09-25T13:30:00Z,0.0074739034947279,0.007605901616254,0.0074558779539335,0.007551541498607,1467665.01999647,,,,,
2024-09-26,2024-09-26T13:30:00Z,0.0077131080222521,0.0077253855857896,0.0075850174346668,0.0076367475278355,2396754.12683801,,,,,
2024-09-27,2024-09-27T13:30:00Z,0.0076469203490093,0.0076581877086946,0.0075840895685337,0.0075976120731209,3923179.76959849,,,,,
2024-09-30,2024-09-30T13:30:00Z,0.0075037236523387,0.0075743755943255,0.0074917152368335,0.0075547498521312,2442884.39112093,,,,,
2024-10-01,2024-10-01T13:30:00Z,0.0075983113156449,0.0076982419762358,0.007445564068712,0.0076982419762358,5125567.02681737,,,,,
2024-10-02,2024-10-02T13:30:00Z,0.0075030735235854,0.0076264201286506,0.0075030735235854,0.0076013477806854,2741379.56496543,,,,,
2024-10-03,2024-10-03T13:30:00Z,0.0075474729707445,0.0075834907024617,0.0074617065102053,0.0075834907024617,1778670.77868764,,,,,
2024-10-04,2024-10-04T13:30:00Z,0.007685535286687,0.007685535286687,0.0075858424913676,0.0076289743727724,1916365.60904467,,,,,
2024-10-07,2024-10-07T13:30:00Z,0.0076930328255193,0.0076930328255193,0.007580085858706,0.0076544514722639,1517579.59688822,,,,,
2024-10-08,2024-10-08T13:30:00Z,0.0075992421396758,0.0075992421396758,0.007546335367437,0.007575540305234,1366741.16053217,,,,,
2024-10-09,2024-10-09T13:30:00Z,0.0075346310325189,0.0077552392216256,0.0075346310325189,0.0077317847255047,1650288.7895895,,,,,
2024-10-10,2024-10-10T13:30:00Z,0.0076505408577725,0.0076505408577725,0.0075105361373786,0.0075105361373786,2062163.17122851,,,,,
2024-10-11,2024-10-11T13:30:00Z,0.0076999857407671,0.0077117151945808,0.0075880210441116,0.0076537204218159,2590947.1772289,,,,,
2024-10-14,2024-10-14T13:30:00Z,0.0078449319795391,0.007901466947644,0.0075555689575237,0.0075588203981688,3151527.25159292,,,,,
2024-10-15,2024-10-15T13:30:00Z,0.007510733694102,0.0075889534018162,0.007510733694102,0.0075395577508647,3379289.75762927,,,,,
2024-10-16,2024-10-16T13:30:00Z,0.0076510653964747,0.0076510653964747,0.0075840841067811,0.007595925856409,1422820.75713564,,,,,
2024-10-17,2024-10-17T13:30:00Z,0.0075688547560891,0.0075776985846163,0.0075397574887621,0.0075557466674857,1275318.00011145,,,,,
2024-10-18,2024-10-18T13:30:00Z,0.007616824582687,0.0076308237514685,0.0075927504373962,0.0076169131815755,1810227.85488384,,,,,
2024-10-21,2024-10-21T13:30:00Z,0.0074315738114397,0.0076172116729737,0.0073740877231013,0.0076172116729737,2399202.03542783,,,,,
2024-10-22,2024-10-22T13:30:00Z,0.0074748899207129,0.007598569591219,0.0074748899207129,0.007598569591219,1944897.39070436,,,,,
2024-10-23,2024-10-23T13:30:00Z,0.0074552266709398,0.0075717973012709,0.0074552266709398,0.0075409641180083,3000463.2070276,,,,,
2024-10-24,2024-10-24T13:30:00Z,0.0076060245739199,0.0076060245739199,0.0075347240999351,0.0075960555755047,1477579.25225282,,,,,
2024-10-25,2024-10-25T13:30:00Z,0.0075757276841552,0.0078070835206669,0.0075757276841552,0.0076833775684755,3231129.38359088,,,,,
2024-10-28,2024-10-28T13:30:00Z,0.0076491524882689,0.0076491524882689,0.0074045783677191,0.0074045783677191,2451874.54926876,,,,,
2024-10-29,2024-10-29T13:30:00Z,0.0077412290102216,0.0077412290102216,0.0075487865448851,0.0075487865448851,5215330.88430896,,,,,
2024-10-30,2024-10-30T13:30:00Z,0.0077305712054231,0.0077389611089303,0.0075733349385442,0.0075733349385442,3812304.5474526,,,,,
2024-10-31,2024-10-31T13:30:00Z,0.0074853959548769,0.0075849963414487,0.0074592459039743,0.0075593179921306,3943949.60110497,,,,,
2024-11-01,2024-11-01T13:30:00Z,0.0076360152799806,0.0076360152799806,0.0075792557680365,0.0075792557680365,2019342.96716509,,,,,
2024-11-04,2024-11-04T14:30:00Z,0.0075870434138439,0.0077199441788651,0.0074883496705768,0.007646580314123,2703923.4450909,,,,,
2024-11-05,2024-11-05T14:30:00Z,0.0077693723164996,0.0077693723164996,0.0075732219260501,0.007581573104194,2811940.81078097,,,,,
2024-11-06,2024-11-06T14:30:00Z,0.0082293657115264,0.0082293657115264,0.0074773367132497,0.0075097406293493,8741050.98245041,,,,,
2024-11-07,2024-11-07T14:30:00Z,0.0078428204779861,0.0078428204779861,0.0075782237863362,0.0076094199370945,9457295.1030806,,,,,
2024-11-08,2024-11-08T14:30:00Z,0.0077426793191412,0.0077426793191412,0.0075385451586875,0.0075385451586875,9853600.32522305,,,,,
2024-11-11,2024-11-11T14:30:00Z,0.0075489346742501,0.0077056226915305,0.0075489346742501,0.0075603329984381,15400618.12984857,,,,,
2024-11-12,2024-11-12T14:30:00Z,0.0073422179011394,0.0076780162865144,0.0072857312871361,0.0076780162865144,10133223.43121605,,,,,
2024-11-13,2024-11-13T14:30:00Z,0.0075558759025159,0.0075947906785961,0.007523744762991,0.007523744762991,11876622.99204463,,,,,
2024-11-14,2024-11-14T14:30:00Z,0.0075732414225285,0.0076702103670393,0.0074789884853197,0.0076702103670393,7668927.92676915,,,,,
2024-11-15,2024-11-15T14:30:00Z,0.0076022875528481,0.0076022875528481,0.007477796549004,0.0075682811686021,9343494.49805681,,,,,
2024-11-18,2024-11-18T14:30:00Z,0.0076400679117147,0.0076400679117147,0.0074631284063182,0.0074631284063182,8858926.71174725,,,,,
2024-11-19,2024-11-19T14:30:00Z,0.007315530547325,0.0076247079639097,0.007315530547325,0.0075722011793984,7550881.42291689,,,,,
2024-11-20,2024-11-20T14:30:00Z,0.0076374417946541,0.0076374417946541,0.0075251895545626,0.0075857960039459,6611227.92359363,,,,,
2024-11-21,2024-11-21T14:30:00Z,0.00827417779225,0.00827417779225,0.0075719243521897,0.0075719243521897,13454045.00231347,,,,,
2024-11-22,2024-11-22T14:30:00Z,0.0074392712550607,0.0075979264439741,0.0073641849932296,0.0074997822450089,6435556.55515049,,,,,
2024-11-25,2024-11-25T14:30:00Z,0.0078802933170709,0.0078802933170709,0.0075853278891921,0.0077901007148735,14194253.41727868,,,,,
2024-11-26,2024-11-26T14:30:00Z,0.0073689636589423,0.0075775500483967,0.0073616478076787,0.007563909774436,8712113.96100151,,,,,
2024-11-27,2024-11-27T14:30:00Z,0.0079738196430881,0.0080001452920824,0.0074975731182854,0.0075474793879978,18117425.06910934,,,,,
2024-11-29,2024-11-29T14:30:00Z,0.0076378513481435,0.0076797404095107,0.0075623146968677,0.0075623146968677,6283416.93613006,,,,,
2024-12-02,2024-12-02T14:30:00Z,0.007420280483369,0.0075805485989898,0.007420280483369,0.0075259553545951,13472913.82115124,,,,,
2024-12-03,2024-12-03T14:30:00Z,0.0073801770562141,0.0075737442922374,0.0073801770562141,0.0075634478489631,10035443.79587929,,,,,
2024-12-04,2024-12-04T14:30:00Z,0.0078045760683618,0.0078045760683618,0.0075913865923565,0.0076870431426839,21758916.7360965,,,,,
2024-12-05,2024-12-05T14:30:00Z,0.0077517362692264,0.0078122020712686,0.0075994522735196,0.0076578693120324,13160471.4724178,,,,,
2024-12-06,2024-12-06T14:30:00Z,0.0078534930087011,0.0078534930087011,0.007593746182973,0.0076844889203005,16226970.18826265,,,,,
2024-12-09,2024-12-09T14:30:00Z,0.0073635644542702,0.0080928337827758,0.0073635644542702,0.0076227299859644,16673041.53491391,,,,,
2024-12-10,2024-12-10T14:30:00Z,0.0075973971780326,0.007618050869631,0.0074814338930264,0.007618050869631,13909581.38713997,,,,,
2024-12-11,2024-12-11T14:30:00Z,0.007789753774367,0.0079083084913359,0.0075746754174317,0.0075974400384046,8980788.43465304,,,,,
2024-12-12,2024-12-12T14:30:00Z,0.007867237754394,0.007867237754394,0.0075906264649368,0.0075906264649368,12846186.31769537,,,,,
2024-12-13,2024-12-13T14:30:00Z,0.0076701142467059,0.0076701142467059,0.0075931885595623,0.0076063143670277,7946837.77774683,,,,,
2024-12-16,2024-12-16T14:30:00Z,0.0074936647456676,0.0076987527468668,0.0074936647456676,0.0076987527468668,14248113.61489043,,,,,
2024-12-17,2024-12-17T14:30:00Z,0.0076329176156601,0.0077183553925836,0.0075637947677152,0.0076633175511294,11583546.31655868,,,,,
2024-12-18,2024-12-18T14:30:00Z,0.007517464101925,0.0077111531691598,0.007517464101925,0.0077111531691598,15064660.01944361,,,,,
2024-12-19,2024-12-19T14:30:00Z,0.0077095579209846,0.0077095579209846,0.0074860204350499,0.0074860204350499,17368245.89509751,,,,,
2024-12-20,2024-12-20T14:30:00Z,0.0073754946264253,0.0080801561819325,0.0073754946264253,0.0075138815289265,15586189.79768679,,,,,
2024-12-23,2024-12-23T14:30:00Z,0.0077403535310407,0.0077403535310407,0.0074697355087004,0.0075316181718203,8687191.93477406,,,,,
2024-12-24,2024-12-24T14:30:00Z,0.0076430549989908,0.0077571820240791,0.0075411967551372,0.0076069467427838,5473679.03886952,,,,,
2024-12-26,2024-12-26T14:30:00Z,0.0072857400303787,0.0075774314520156,0.0072525463641877,0.0075581412793331,6293383.8956821,,,,,
2024-12-27,2024-12-27T14:30:00Z,0.0076995322069091,0.0076995322069091,0.0074656362885446,0.0075787830107946,6037982.6792879,,,,,
2024-12-30,2024-12-30T14:30:00Z,0.0075566600338304,0.0076566076941167,0.0075452730954705,0.0076566076941167,5627082.02447889,,,,,
2024-12-31,2024-12-31T14:30:00Z,0.0077516840481479,0.0077516840481479,0.0075791415527233,0.0075822307768413,5283636.97809603,,,,,
2025-01-02,2025-01-02T14:30:00Z,0.0078185512220117,0.0078185512220117,0.0075788465212296,0.0075861549776179,7423722.72969769,,,,,
2025-01-03,2025-01-03T14:30:00Z,0.0077127967573827,0.0077709079646327,0.0075757995753338,0.0075757995753338,8550367.25691112,,,,,
2025-01-06,2025-01-06T14:30:00Z,0.0075756325859442,0.0076148808617276,0.0075737040129246,0.0075737040129246,6227997.71376397,,,,,
2025-01-07,2025-01-07T14:30:00Z,0.0074766507208174,0.0075864006743467,0.0074609119552939,0.0075864006743467,11528768.22283435,,,,,
2025-01-08,2025-01-08T14:30:00Z,0.0075173101210599,0.0075577030314925,0.0074645479050283,0.0074645479050283,9262988.23574124,,,,,
2025-01-10,2025-01-10T14:30:00Z,0.0076890111732884,0.0076890111732884,0.0075561200287677,0.0075561200287677,7452283.34531725,,,,,
2025-01-13,2025-01-13T14:30:00Z,0.0070490433441175,0.007538238432703,0.0070422324176433,0.007457977167116,11711474.75232844,,,,,
2025-01-14,2025-01-14T14:30:00Z,0.0077640048435408,0.0077640048435408,0.0075296718819573,0.0075728444372774,5146569.41056637,,,,,
2025-01-15,2025-01-15T14:30:00Z,0.0077288665259163,0.0077969590290981,0.0075480992118683,0.0075480992118683,10403810.00936956,,,,,
2025-01-16,2025-01-16T14:30:00Z,0.0073455904724649,0.0076460273309952,0.0073455904724649,0.0076460273309952,7179826.98595964,,,,,
2025-01-17,2025-01-17T14:30:00Z,0.0078590925166325,0.0078590925166325,0.007593615349485,0.0076828527592351,8065636.37271103,,,,,
2025-01-21,2025-01-21T14:30:00Z,0.0077020648607774,0.0077223875842122,0.0075431325938458,0.0075431325938458,12455216.67907637,,,,,
2025-01-22,2025-01-22T14:30:00Z,0.007516064009709,0.0076136853899802,0.0074592046883033,0.0076065456408167,7163796.61091415,,,,,
2025-01-23,2025-01-23T14:30:00Z,0.0075545063185668,0.0076077356575088,0.0073650759420498,0.0073650759420498,12550588.68455836,,,,,
2025-01-24,2025-01-24T14:30:00Z,0.00771676075647,0.00771676075647,0.0075686482516626,0.0076284909787429,7714225.53816454,,,,,
2025-01-27,2025-01-27T14:30:00Z,0.0072738753350625,0.0076338484364753,0.0072738753350625,0.0074745976787588,9052968.41596671,,,,,
2025-01-28,2025-01-28T14:30:00Z,0.0075417695589612,0.0076971658640562,0.0075417695589612,0.0076144606504952,5407397.94880161,,,,,
2025-01-29,2025-01-29T14:30:00Z,0.0076595357482914,0.0076595357482914,0.007574815212481,0.0076394218572882,8662142.98896101,,,,,
2025-01-30,2025-01-30T14:30:00Z,0.0079203534140672,0.0079203534140672,0.0075438234560564,0.0075438234560564,6445117.7512487,,,,,
2025-01-31,2025-01-31T14:30:00Z,0.0078515412113542,0.0078515412113542,0.007583514655062,0.0076110602764463,10176166.73746775,,,,,
2025-02-03,2025-02-03T14:30:00Z,0.0067632344994683,0.0090960880230132,0.0067632344994683,0.0071215484945192,37157804.79509999,,,,,
2025-02-04,2025-02-04T14:30:00Z,0.0073666933852437,0.0078293870174053,0.0073666933852437,0.0075804149742013,13382953.12807141,,,,,
2025-02-05,2025-02-05T14:30:00Z,0.0078139296563334,0.0078139296563334,0.0075093059450465,0.0075093059450465,7010605.24115748,,,,,
2025-02-06,2025-02-06T14:30:00Z,0.0075166678614954,0.0076659277223156,0.0073655996752837,0.0076659277223156,7302801.56160261,,,,,
2025-02-07,2025-02-07T14:30:00Z,0.0078642615071555,0.0078642615071555,0.0074642504696114,0.0074642504696114,8978936.38995256,,,,,
2025-02-10,2025-02-10T14:30:00Z,0.0076681107768146,0.0078020717056835,0.0075782108389012,0.0076439676511796,5546003.5689934,,,,,
2025-02-11,2025-02-11T14:30:00Z,0.0075634102192412,0.0076324255106502,0.007418137125801,0.0075434883640539,7000233.91184208,,,,,
2025-02-12,2025-02-12T14:30:00Z,0.0074685640302584,0.0075616739224222,0.0073022276103523,0.0074087327379083,9075591.66115182,,,,,
2025-02-13,2025-02-13T14:30:00Z,0.0073158711326092,0.0075694407258095,0.0073158711326092,0.0075063798624266,7567174.94603043,,,,,
2025-02-14,2025-02-14T14:30:00Z,0.0076307935950637,0.0076409019826968,0.0075852829391135,0.0075864017051061,7880406.85795145,,,,,
2025-02-18,2025-02-18T14:30:00Z,0.0075017852718714,0.0075650335861404,0.0074482737970476,0.0074482737970476,10240232.94162126,,,,,
2025-02-19,2025-02-19T14:30:00Z,0.0076954459877756,0.0076954459877756,0.0075550554573219,0.0075872478280076,5670500.69101259,,,,,
2025-02-20,2025-02-20T14:30:00Z,0.0077049089804708,0.0077049089804708,0.0075641513125592,0.0076097667798094,5987437.78738366,,,,,
2025-02-21,2025-02-21T14:30:00Z,0.0078075666599748,0.0078075666599748,0.0074662758802089,0.0074662758802089,17288235.09363423,,,,,
2025-02-24,2025-02-24T14:30:00Z,0.0071614952634863,0.0080194990238361,0.0071614952634863,0.0079482469324299,8887908.59852567,,,,,
2025-02-25,2025-02-25T14:30:00Z,0.0072587633865748,0.0076870420279497,0.0072587633865748,0.0075487582433001,19633451.52101725,,,,,
2025-02-26,2025-02-26T14:30:00Z,0.007214862616991,0.007562553796479,0.007214862616991,0.007562553796479,22458705.76050421,,,,,
2025-02-27,2025-02-27T14:30:00Z,0.0075948283243428,0.007596270229076,0.0073894614577825,0.0073894614577825,7576363.42342795,,,,,
2025-02-28,2025-02-28T14:30:00Z,0.0070988068977173,0.0077962477848832,0.0070988068977173,0.0075007594574793,10414377.78052062,,,,,
2025-03-03,2025-03-03T14:30:00Z,0.0070940557526126,0.0075691453590693,0.0070940557526126,0.0074852876183387,18879279.38121596,,,,,
2025-03-04,2025-03-04T14:30:00Z,0.0072692411507925,0.0075833668139815,0.0072692411507925,0.007456229173187,16219259.23842061,,,,,
2025-03-05,2025-03-05T14:30:00Z,0.0076661341043975,0.0076661341043975,0.0074484999582283,0.0075385397255632,7842349.07565754,,,,,
2025-03-06,2025-03-06T14:30:00Z,0.0075985944383996,0.0075985944383996,0.0074258385574872,0.0075559549093285,10522408.72447584,,,,,
2025-03-07,2025-03-07T14:30:00Z,0.007505456657576,0.0076993636143284,0.007505456657576,0.0076143790849673,13480569.9712357,,,,,
2025-03-10,2025-03-10T13:30:00Z,0.0079094591987653,0.0079094591987653,0.0074419836615581,0.0075693003757846,24250454.67339296,,,,,
2025-03-11,2025-03-11T13:30:00Z,0.0077794327229086,0.0079308125594455,0.0075627941086597,0.0076691103831955,15801011.85506026,,,,,
2025-03-12,2025-03-12T13:30:00Z,0.0075037154823891,0.007560615989515,0.0073991180333062,0.0074363848695752,10839864.79654301,,,,,
2025-03-13,2025-03-13T13:30:00Z,0.0075248209124041,0.0075545192703332,0.0074770926233304,0.0074975866137509,9026695.2498009,,,,,
2025-03-14,2025-03-14T13:30:00Z,0.007705217778302,0.007705217778302,0.0075626409646477,0.0076547418616081,6793557.87494921,,,,,
2025-03-17,2025-03-17T13:30:00Z,0.0076107450797618,0.0076206384943402,0.0075645057207534,0.0076206384943402,4458378.02684974,,,,,
2025-03-18,2025-03-18T13:30:00Z,0.0074597830541534,0.0075574010225974,0.0074446565576611,0.0074446565576611,8379972.3077883,,,,,
2025-03-19,2025-03-19T13:30:00Z,0.007885219352936,0.007885219352936,0.0074730208399131,0.0074730208399131,12274353.5840686,,,,,
2025-03-20,2025-03-20T13:30:00Z,0.0073013976128364,0.0075665778961384,0.0073013976128364,0.0075289585024785,7216782.02003681,,,,,
2025-03-21,2025-03-21T13:30:00Z,0.007432844701955,0.0075960701911482,0.007432844701955,0.0075960701911482,4297857.46630853,,,,,
2025-03-24,2025-03-24T13:30:00Z,0.0078402248893496,0.0079110006114538,0.0075643468386066,0.0076003456884962,9052142.41894275,,,,,
2025-03-25,2025-03-25T13:30:00Z,0.0075359506632981,0.0076205005444966,0.007517900899097,0.0076033489559905,3238689.88761036,,,,,
2025-03-26,2025-03-26T13:30:00Z,0.0075210516896973,0.007556503585368,0.0074906833492818,0.0075255286024799,9056185.35354091,,,,,
2025-03-27,2025-03-27T13:30:00Z,0.0075491590495419,0.0075727699764879,0.00752211738036,0.0075727699764879,4560619.09907822,,,,,
2025-03-28,2025-03-28T13:30:00Z,0.0071623226888407,0.0075705094093174,0.0071371887709552,0.0074619000442655,8788300.70602689,,,,,
2025-03-31,2025-03-31T13:30:00Z,0.0076278498655958,0.0076483556035452,0.0075693429475943,0.0075805779230752,7657014.58516484,,,,,
2025-04-01,2025-04-01T13:30:00Z,0.0077813751852055,0.0077813751852055,0.0075695082154326,0.0075942856543051,6441724.56080799,,,,,
2025-04-02,2025-04-02T13:30:00Z,0.0073957431173398,0.0080635723798962,0.0073957431173398,0.0080635723798962,7734069.3484742,,,,,
2025-04-03,2025-04-03T13:30:00Z,0.0074688819799641,0.0075749779896865,0.0073794233147469,0.0074384033035099,9690339.0472239,,,,,
2025-04-04,2025-04-04T13:30:00Z,0.0074159307626241,0.0076185278047837,0.0074159307626241,0.0075457149151795,13542520.95443014,,,,,
2025-04-07,2025-04-07T13:30:00Z,0.0071965669147804,0.0079759340098645,0.0071965669147804,0.0074937015535094,24387756.65304586,,,,,
2025-04-08,2025-04-08T13:30:00Z,0.0077112376633081,0.0077112376633081,0.0074161511411602,0.0075176736636944,16350535.09637114,,,,,
2025-04-09,2025-04-09T13:30:00Z,0.0074843792447704,0.0079586324440656,0.0074404672757226,0.0074404672757226,34848625.26617791,,,,,
2025-04-10,2025-04-10T13:30:00Z,0.0072014426850237,0.0075577526380834,0.0072014426850237,0.0075122246174877,23281109.30648481,,,,,
2025-04-11,2025-04-11T13:30:00Z,0.0077571359076506,0.0077571359076506,0.0075648277006754,0.0075648277006754,11839460.88434346,,,,,
2025-04-14,2025-04-14T13:30:00Z,0.0079370049156204,0.0079370049156204,0.0075626275472479,0.0076388546646296,12142238.99625754,,,,,
2025-04-15,2025-04-15T13:30:00Z,0.0076568640737227,0.0076568640737227,0.0075680070340682,0.0076527080265327,8049028.93510073,,,,,
2025-04-16,2025-04-16T13:30:00Z,0.0074988194553754,0.0076147120548309,0.0074988194553754,0.0076147120548309,18291389.34572877,,,,,
2025-04-17,2025-04-17T13:30:00Z,0.0076641711094347,0.0076641711094347,0.0075667447007202,0.0075697261503077,7911078.26878653,,,,,
2025-04-21,2025-04-21T13:30:00Z,0.0077640045121974,0.0077640045121974,0.0074988532940636,0.007546214231451,10022208.17878133,,,,,
2025-04-22,2025-04-22T13:30:00Z,0.0078194250981385,0.0080094136615112,0.0073381647187416,0.0073381647187416,20936371.67911511,,,,,
2025-04-23,2025-04-23T13:30:00Z,0.0078265076699775,0.0078265076699775,0.0075460560023167,0.0075460560023167,15724342.96559386,,,,,
2025-04-24,2025-04-24T13:30:00Z,0.0074077374653284,0.0076632575515863,0.0074077374653284,0.0075537576695781,13638085.55741865,,,,,
2025-04-25,2025-04-25T13:30:00Z,0.0075713486606058,0.0076539847265079,0.0075713486606058,0.0076529469724113,13053017.38372909,,,,,
2025-04-28,2025-04-28T13:30:00Z,0.0076066635041995,0.0076066635041995,0.007472169798419,0.0075609010860809,11427649.68763381,,,,,
2025-04-29,2025-04-29T13:30:00Z,0.0076267845343135,0.0076820344765667,0.0075311991318502,0.007679484329851,7687902.61569791,,,,,
2025-04-30,2025-04-30T13:30:00Z,0.0074484997387466,0.0075615566078545,0.0074484997387466,0.0075347618914927,6565528.34834389,,,,,
2025-05-01,2025-05-01T13:30:00Z,0.0078176803276404,0.0078176803276404,0.0075764045303643,0.0075907106231886,8470212.18382637,,,,,
2025-05-02,2025-05-02T13:30:00Z,0.0075666501661834,0.0076359407124864,0.0075586569140277,0.0075586569140277,6162266.20808056,,,,,
2025-05-05,2025-05-05T13:30:00Z,0.0075408531936756,0.0076133452186734,0.0075408531936756,0.0075446418766061,4734981.30736671,,,,,
2025-05-06,2025-05-06T13:30:00Z,0.0073129615902039,0.0075559281245901,0.0073129615902039,0.0074288072637226,5155568.4698412,,,,,
2025-05-07,2025-05-07T13:30:00Z,0.0075879714969598,0.0075879714969598,0.0075006209123271,0.0075006209123271,4835788.0552829,,,,,
2025-05-08,2025-05-08T13:30:00Z,0.0082297485262623,0.0082297485262623,0.0072729248841811,0.0072729248841811,21208499.45669961,,,,,
2025-05-09,2025-05-09T13:30:00Z,0.0080509242479159,0.0080509242479159,0.007266158153285,0.0075388990989992,20566136.00760702,,,,,
2025-05-12,2025-05-12T13:30:00Z,0.0077027693384446,0.0077027693384446,0.0074311192408825,0.0074643609817858,17360545.79645149,,,,,
2025-05-13,2025-05-13T13:30:00Z,0.0077250398672959,0.0079205462445685,0.0075764769473499,0.0076151885887835,20929608.90701164,,,,,
2025-05-14,2025-05-14T13:30:00Z,0.0073770583560018,0.0075671370050068,0.0073036389674292,0.0075518977447757,11936904.24544252,,,,,
2025-05-15,2025-05-15T13:30:00Z,0.0074321243999708,0.0075753024209829,0.0074321243999708,0.0075202725510051,13652693.3259246,,,,,
2025-05-16,2025-05-16T13:30:00Z,0.0077250524746454,0.0077476283977194,0.0074873762647339,0.0077476283977194,6022790.94731248,,,,,
2025-05-19,2025-05-19T13:30:00Z,0.0072858943325264,0.007719838794105,0.0072858943325264,0.0075460952516551,13423233.84185978,,,,,
2025-05-20,2025-05-20T13:30:00Z,0.007442912622895,0.0075737737115173,0.0073526001731387,0.0075027134945848,9922564.67926738,,,,,
2025-05-21,2025-05-21T13:30:00Z,0.0075935227290732,0.0075935227290732,0.0074570134328124,0.0074570134328124,19265265.11905219,,,,,
2025-05-22,2025-05-22T13:30:00Z,0.0078714242615397,0.0078714242615397,0.0075038382564368,0.0075038382564368,19489066.80806214,,,,,
2025-05-23,2025-05-23T13:30:00Z,0.0072747747747747,0.0077155987888629,0.0071913221053556,0.0076723305198815,12823517.99997624,,,,,
2025-05-27,2025-05-27T13:30:00Z,0.007877116975187,0.0079454192895907,0.0075809811766007,0.0076579978731958,20755697.33654053,,,,,
2025-05-28,2025-05-28T13:30:00Z,0.0076132499107528,0.0076132499107528,0.0073991474571024,0.0073991474571024,15112046.06627076,,,,,
2025-05-29,2025-05-29T13:30:00Z,0.0075991185320799,0.0076349802949861,0.0073107124536802,0.0076349802949861,17290413.34393993,,,,,
2025-05-30,2025-05-30T13:30:00Z,0.0074678767287279,0.0077009700298318,0.0074678767287279,0.0077009700298318,13903720.30220069,,,,,
2025-06-02,2025-06-02T13:30:00Z,0.0074557242562974,0.0076326013035998,0.0073544072761852,0.0073544072761852,13911943.88285977,,,,,
2025-06-03,2025-06-03T13:30:00Z,0.0076179595216826,0.007675049727846,0.0075747878532328,0.007675049727846,17404782.36845495,,,,,
2025-06-04,2025-06-04T13:30:00Z,0.007638650569332,0.007638650569332,0.0075811870100783,0.0076254478224513,12262066.98099535,,,,,
2025-06-05,2025-06-05T13:30:00Z,0.0076438641977202,0.007926724804339,0.0075450983361411,0.0079237991203134,17612661.1885051,,,,,
2025-06-06,2025-06-06T13:30:00Z,0.0077852415659883,0.0078817073119604,0.0075799169724571,0.0075887471910339,11990375.87075283,,,,,
2025-06-09,2025-06-09T13:30:00Z,0.0076507346059334,0.0076655698570921,0.0072834536111162,0.0072954041937384,14659632.47513899,,,,,
2025-06-10,2025-06-10T13:30:00Z,0.007787761130568,0.007787761130568,0.0074656021139516,0.0074656021139516,30055593.66856921,,,,,
2025-06-11,2025-06-11T13:30:00Z,0.0075690574374602,0.0076900088198205,0.0075690574374602,0.0076870632965272,26659366.87792576,,,,,
2025-06-12,2025-06-12T13:30:00Z,0.0074828532978312,0.0077819079236402,0.0074828532978312,0.0077123836901429,16797271.48835258,,,,,
2025-06-13,2025-06-13T13:30:00Z,0.0072896333620833,0.0077725541952381,0.0072896333620833,0.0074187771808646,18780944.23263633,,,,,
2025-06-16,2025-06-16T13:30:00Z,0.00775665220223,0.00793023283258,0.00754922474982,0.00793023283258,13647984.08374645,,,,,
2025-06-17,2025-06-17T13:30:00Z,0.0076037110825562,0.0076218540936604,0.0074279167462287,0.0076218540936604,18072155.87867401,,,,,
2025-06-18,2025-06-18T13:30:00Z,0.0074541284403669,0.0075705381242249,0.0074541284403669,0.0074747706694433,13187241.1235883,,,,,
2025-06-20,2025-06-20T13:30:00Z,0.0076752907967871,0.0076752907967871,0.0075468907510693,0.0075908660318093,22113928.93428348,,,,,
2025-06-23,2025-06-23T13:30:00Z,0.0076392720486975,0.0076392720486975,0.0072148475909537,0.0072575734352928,30004975.27064754,,,,,
2025-06-24,2025-06-24T13:30:00Z,0.0075759144737659,0.0076513345693181,0.0075333796088358,0.0075333796088358,20454441.60847159,,,,,
2025-06-25,2025-06-25T13:30:00Z,0.0075488182772037,0.0076059773060785,0.0075041408664028,0.0076059773060785,12752711.98872069,,,,,
2025-06-26,2025-06-26T13:30:00Z,0.0076328622200181,0.0076382624814836,0.0073892016488333,0.0076382624814836,11811067.35397896,,,,,
2025-06-27,2025-06-27T13:30:00Z,0.0076053808690326,0.0076053808690326,0.007531642230762,0.0075364447121135,10413091.26862002,,,,,
2025-06-30,2025-06-30T13:30:00Z,0.0074930627194139,0.0076680579346506,0.0074930627194139,0.0076680579346506,16410572.35518162,,,,,
2025-07-01,2025-07-01T13:30:00Z,0.0074348396020812,0.0076151700218653,0.0074324324324324,0.0075583183053411,14015560.64448523,,,,,
2025-07-02,2025-07-02T13:30:00Z,0.0077037504882366,0.0077850664825309,0.0075470401630801,0.0076796553292919,31042877.97237915,,,,,
2025-07-03,2025-07-03T13:30:00Z,0.0076408304202262,0.0076408304202262,0.0075183039261825,0.0075183039261825,18848719.8166686,,,,,
2025-07-07,2025-07-07T13:30:00Z,0.0075267186850013,0.0075723918299946,0.0075104107569459,0.0075723918299946,12900724.46755092,,,,,
2025-07-08,2025-07-08T13:30:00Z,0.0076787581879231,0.0076787581879231,0.0075595149374945,0.0075595149374945,24141822.46922372,,,,,
2025-07-09,2025-07-09T13:30:00Z,0.0077119152530066,0.0077119152530066,0.0075691401427921,0.0075691401427921,44775677.46023997,,,,,
2025-07-10,2025-07-10T13:30:00Z,0.0076250049630209,0.0076250049630209,0.0071792820717928,0.0072349337164854,41048443.56001475,,,,,
2025-07-11,2025-07-11T13:30:00Z,0.0076987719916506,0.0077086665021249,0.0075124879069675,0.0077086665021249,44092127.14705519,,,,,
2025-07-14,2025-07-14T13:30:00Z,0.0077666865165477,0.0077666865165477,0.0075467066503901,0.0075467066503901,37759140.08377977,,,,,
2025-07-15,2025-07-15T13:30:00Z,0.0076166970206639,0.0076665984584953,0.0073409747413142,0.0073409747413142,49544089.87418104,,,,,
2025-07-16,2025-07-16T13:30:00Z,0.0076598943221232,0.0077321747426368,0.0074904726444434,0.0075980813584646,71972874.21692897,,,,,
2025-07-17,2025-07-17T13:30:00Z,0.0076907796624239,0.007694226280524,0.007434912602191,0.0074394965978963,61089363.11797575,,,,,
2025-07-18,2025-07-18T13:30:00Z,0.0078957655472136,0.0078957655472136,0.0075805745278682,0.0075852139047227,68408404.1121631,,,,,
2025-07-21,2025-07-21T13:30:00Z,0.0076359437441134,0.0076359437441134,0.0075248503399733,0.0075248503399733,77261785.71437278,,,,,
2025-07-22,2025-07-22T13:30:00Z,0.0074399069115021,0.0075855551134102,0.0074183936683569,0.0074183936683569,51106010.57224536,,,,,
2025-07-23,2025-07-23T13:30:00Z,0.0074054511162863,0.0076165280641725,0.0073719404190002,0.007483693975585,40238181.13362471,,,,,
2025-07-24,2025-07-24T13:30:00Z,0.0076094591430578,0.0078020851136557,0.0075791498528153,0.0076544441897158,58973563.04264234,,,,,
2025-07-25,2025-07-25T13:30:00Z,0.0075736128748722,0.0076319653219604,0.0074010664190699,0.0074010664190699,40004979.62411122,,,,,
2025-07-28,2025-07-28T13:30:00Z,0.0075136541499323,0.0075781903944659,0.0074396605972027,0.0075781903944659,47087079.01364358,,,,,
2025-07-29,2025-07-29T13:30:00Z,0.0077027329306964,0.0077027329306964,0.0075076024686282,0.0075076024686282,38648589.01872157,,,,,
2025-07-30,2025-07-30T13:30:00Z,0.0074919888687439,0.0075676169114003,0.0074747713344618,0.0074747713344618,35479311.43467667,,,,,
2025-07-31,2025-07-31T13:30:00Z,0.0075536273421362,0.0076595813956012,0.0074524330608593,0.0076416971217265,32843868.43977108,,,,,
2025-08-01,2025-08-01T13:30:00Z,0.0074670646217399,0.0077088306184842,0.0074202338286419,0.0076002568777881,56566150.91209097,,,,,
2025-08-04,2025-08-04T13:30:00Z,0.0077094809178198,0.0077112690169312,0.0074570914924663,0.0074570914924663,52972670.63243455,,,,,
2025-08-05,2025-08-05T13:30:00Z,0.0073976143835634,0.007585780821995,0.0073976143835634,0.0074802888022678,26950400.6785345,,,,,
2025-08-06,2025-08-06T13:30:00Z,0.0075220026189968,0.0075824730700179,0.0075220026189968,0.0075745445367478,23775192.75983658,,,,,
2025-08-07,2025-08-07T13:30:00Z,0.0078759390333926,0.0078759390333926,0.0074837533823256,0.007491258919991,47757156.90475511,,,,,
2025-08-08,2025-08-08T13:30:00Z,0.0075754865026503,0.0076771746800346,0.0075702867473312,0.0076771746800346,55173485.75434735,,,,,
2025-08-11,2025-08-11T13:30:00Z,0.0074532102066299,0.0076319258247804,0.0074532102066299,0.0076319258247804,55272835.75223656,,,,,
2025-08-12,2025-08-12T13:30:00Z,0.0079231914274287,0.0079231914274287,0.0073923658590241,0.0074632557227373,66208150.36985923,,,,,
2025-08-13,2025-08-13T13:30:00Z,0.0077772765803517,0.0077772765803517,0.0075333741861676,0.0075566220426033,87193959.73939465,,,,,
2025-08-14,2025-08-14T13:30:00Z,0.0072362499657474,0.0076288191846264,0.0072362499657474,0.0075530161520712,85167250.04756421,,,,,
2025-08-15,2025-08-15T13:30:00Z,0.0076780071462161,0.0076780071462161,0.0074581365682672,0.0074581365682672,72527805.26739879,,,,,
2025-08-18,2025-08-18T13:30:00Z,0.0073585441121591,0.0076412941969193,0.0073585441121591,0.0076398849730391,43349114.14690069,,,,,
2025-08-19,2025-08-19T13:30:00Z,0.0075689641189623,0.0076760651460046,0.0075380575499935,0.0076760651460046,59462604.46444941,,,,,
2025-08-20,2025-08-20T13:30:00Z,0.0077745812885203,0.0077745812885203,0.0075389160582108,0.0075874948125605,61415510.77833886,,,,,
2025-08-21,2025-08-21T13:30:00Z,0.0074537569655623,0.0075682485351968,0.0074537569655623,0.0075574558300542,37743192.08242931,,,,,
2025-08-22,2025-08-22T13:30:00Z,0.0076331723568425,0.0076342100886259,0.0075289342261667,0.0075728099077768,136208425.28595054,,,,,
2025-08-25,2025-08-25T13:30:00Z,0.0073713002346269,0.0077016072338199,0.0073713002346269,0.0076379454041032,75771815.32457419,,,,,
2025-08-26,2025-08-26T13:30:00Z,0.0077527699882167,0.0077859162764823,0.0075135094323341,0.0075644838575826,57502573.95585987,,,,,
2025-08-27,2025-08-27T13:30:00Z,0.0075748524456976,0.0076645006764099,0.0075674586415875,0.0076645006764099,47328680.11698743,,,,,
2025-08-28,2025-08-28T13:30:00Z,0.007720389279726,0.007720389279726,0.0074365336050684,0.0074365336050684,43893855.01011343,,,,,
2025-08-29,2025-08-29T13:30:00Z,0.0073614929453282,0.0075606480689411,0.0073614929453282,0.0075247788077283,57502263.20998113,,,,,
2025-09-02,2025-09-02T13:30:00Z,0.0075435678110215,0.0075543630085051,0.0074638764555136,0.0074638764555136,41267617.34703868,,,,,
2025-09-03,2025-09-03T13:30:00Z,0.0076548943495188,0.0077168414961923,0.0075696368755494,0.007606142403514,45620205.78524237,,,,,
2025-09-04,2025-09-04T13:30:00Z,0.0074759932808134,0.007548407501552,0.0074305338744926,0.007511575500636,63539886.57949809,,,,,
2025-09-05,2025-09-05T13:30:00Z,0.007858029887955,0.007858029887955,0.0075430290970845,0.0076099223913316,60493552.27995081,,,,,
2025-09-08,2025-09-08T13:30:00Z,0.0076298113102371,0.0076298113102371,0.0075377759613218,0.0075377759613218,34440095.69895647,,,,,
2025-09-09,2025-09-09T13:30:00Z,0.0076286241770491,0.0076286241770491,0.0075347185775765,0.0075357294516495,27236159.16289093,,,,,
2025-09-10,2025-09-10T13:30:00Z,0.0076808123561298,0.0076808123561298,0.0075190909028197,0.0075190909028197,52131962.47589598,,,,,
2025-09-11,2025-09-11T13:30:00Z,0.0076726048688966,0.0076726048688966,0.0075082615538447,0.0075082615538447,34467156.21869893,,,,,
2025-09-12,2025-09-12T13:30:00Z,0.0076718372727537,0.0076718372727537,0.0074537406696568,0.0075016653866879,53676302.97564617,,,,,
2025-09-15,2025-09-15T13:30:00Z,0.0074378156949193,0.0075586314333421,0.0073588886558847,0.0075122037417445,45193467.57088371,,,,,
2025-09-16,2025-09-16T13:30:00Z,0.0075367504942403,0.0075595782907895,0.0075217613476177,0.0075493483136088,35656252.47180863,,,,,
2025-09-17,2025-09-17T13:30:00Z,0.0075692814622546,0.0075814770730601,0.0074186991869918,0.0074426504371305,47749296.8062805,,,,,
2025-09-18,2025-09-18T13:30:00Z,0.0075612411540555,0.0075766556029713,0.0075612411540555,0.0075674709873664,31086513.6447106,,,,,
2025-09-19,2025-09-19T13:30:00Z,0.0074650606399993,0.0075557106984809,0.0074493241049747,0.0075058188542055,35303064.69635448,,,,,
2025-09-22,2025-09-22T13:30:00Z,0.0071544024584617,0.0077197781135696,0.0071544024584617,0.007444062473979,47352219.53976703,,,,,
2025-09-23,2025-09-23T13:30:00Z,0.0075560218591715,0.007589552347517,0.0075307857482005,0.0075370734750683,38096729.55048455,,,,,
2025-09-24,2025-09-24T13:30:00Z,0.0075817021695258,0.0076950805923593,0.0075320876874148,0.0075703068789689,23575188.85011425,,,,,
2025-09-25,2025-09-25T13:30:00Z,0.0072814599495639,0.0076331347204409,0.0072814599495639,0.0076331347204409,75852927.67313251,,,,,
2025-09-26,2025-09-26T13:30:00Z,0.0076447944187582,0.0076447944187582,0.0075458236615824,0.0075458236615824,46843311.53018168,,,,,
2025-09-29,2025-09-29T13:30:00Z,0.0075028940767895,0.0076030921526101,0.0075028940767895,0.0075179238016235,44218034.92796552,,,,,
2025-09-30,2025-09-30T13:30:00Z,0.0074776677261016,0.0075999864932007,0.0074419677099067,0.0075999864932007,33940355.07624543,,,,,
2025-10-01,2025-10-01T13:30:00Z,0.0078478094144772,0.0078589458522971,0.0075395192637015,0.0075395192637015,43443359.67882266,,,,,
2025-10-02,2025-10-02T13:30:00Z,0.0076476077951811,0.0076476077951811,0.007564256402437,0.0075885216089002,45794448.72270874,,,,,
2025-10-03,2025-10-03T13:30:00Z,0.0075888260386996,0.0075890315678017,0.0075744575260707,0.0075890315678017,44753941.68962893,,,,,
2025-10-06,2025-10-06T13:30:00Z,0.0077049997231604,0.007709540500697,0.0075621481434625,0.007636878076676,55931254.38306254,,,,,
2025-10-07,2025-10-07T13:30:00Z,0.0076888604353393,0.0076888604353393,0.0075767768845235,0.0076175495758665,80618228.99528126,,,,,
2025-10-08,2025-10-08T13:30:00Z,0.0076129185925538,0.0076129185925538,0.0075468281014989,0.0075468281014989,40580480.40457523,,,,,
2025-10-09,2025-10-09T13:30:00Z,0.0073527300516612,0.0075585754451733,0.0073501829270983,0.0075065662435595,51433508.74983828,,,,,
2025-10-10,2025-10-10T13:30:00Z,0.0075592568866111,0.0086116646815039,0.0075592568866111,0.0078598960515734,101124648.54601447,,,,,
2025-10-13,2025-10-13T13:30:00Z,0.0074626686195145,0.0076263791138567,0.0074626686195145,0.0075790584350586,59823928.23109352,,,,,
2025-10-14,2025-10-14T13:30:00Z,0.0070395500717143,0.0075784247464221,0.0070395500717143,0.0075288144297431,72022853.71152674,,,,,
2025-10-15,2025-10-15T13:30:00Z,0.0074744734196533,0.007559823701605,0.0073685283326538,0.0075594412783102,46361705.60442201,,,,,
2025-10-16,2025-10-16T13:30:00Z,0.0076746990670514,0.0076746990670514,0.0075038237679255,0.0075038237679255,61041757.56539044,,,,,
2025-10-17,2025-10-17T13:30:00Z,0.0073319954216731,0.0076303910371458,0.0073319954216731,0.0075470123584283,58809800.32603965,,,,,
2025-10-20,2025-10-20T13:30:00Z,0.0076402723901381,0.0076402723901381,0.0074999204739264,0.0075682245055794,50239535.36341347,,,,,
2025-10-21,2025-10-21T13:30:00Z,0.0073849383416657,0.0078110489712528,0.0073849383416657,0.0078110489712528,73387134.45608163,,,,,
2025-10-22,2025-10-22T13:30:00Z,0.0075150727127787,0.0077002274760934,0.0075150727127787,0.0075555368739622,60171154.34910832,,,,,
2025-10-23,2025-10-23T13:30:00Z,0.0076368966930424,0.0076368966930424,0.0075579489342885,0.0075652924391135,35385644.03503103,,,,,
2025-10-24,2025-10-24T13:30:00Z,0.00777688805272,0.00777688805272,0.0074711815203829,0.0075480230581815,32787818.00153486,,,,,
2025-10-27,2025-10-27T13:30:00Z,0.0075725512451784,0.0077066286715714,0.0075363532045373,0.0077066286715714,45069482.68508078,,,,,
2025-10-28,2025-10-28T13:30:00Z,0.0076096665825193,0.0077440409420538,0.0075684997125886,0.0076845973939191,39674026.30484637,,,,,
2025-10-29,2025-10-29T13:30:00Z,0.0076498503945513,0.0076498503945513,0.0075503376479299,0.0075583583614339,57534215.0542341,,,,,
2025-10-30,2025-10-30T13:30:00Z,0.0073918553889877,0.0075488925301833,0.0073106150738402,0.0073132147662293,52258876.5745245,,,,,
2025-10-31,2025-10-31T13:30:00Z,0.0076594224033507,0.0076594224033507,0.0075631263654221,0.0076286688284692,39661473.53704035,,,,,
2025-11-03,2025-11-03T14:30:00Z,0.0072018014099103,0.0075695161077165,0.0072018014099103,0.0075156680455101,67198121.59913234,,,,,
2025-11-04,2025-11-04T14:30:00Z,0.0073354788591721,0.0077320514707084,0.0073354788591721,0.0073853940752592,120409115.81569035,,,,,
2025-11-05,2025-11-05T14:30:00Z,0.007682781745102,0.0079182199551137,0.0075672476650415,0.0076150876844644,53712771.66154679,,,,,
2025-11-06,2025-11-06T14:30:00Z,0.0074267473883724,0.0075556582697789,0.0073642794115519,0.00754389035408,44514515.02462372,,,,,
2025-11-07,2025-11-07T14:30:00Z,0.0073687164492563,0.007625275502747,0.0073687164492563,0.007625275502747,49545501.22942264,,,,,
2025-11-10,2025-11-10T14:30:00Z,0.0076111676968369,0.0076111676968369,0.0074640536099498,0.0075643516610452,42736870.89166012,,,,,
2025-11-11,2025-11-11T14:30:00Z,0.007485491603353,0.0076059313973667,0.007322161160107,0.0076059313973667,27352971.2382364,,,,,
2025-11-12,2025-11-12T14:30:00Z,0.0078973548689138,0.0078973548689138,0.0075289198606271,0.0075540337485757,43630387.21621371,,,,,
2025-11-13,2025-11-13T14:30:00Z,0.0075914221615637,0.0075914221615637,0.0073681670491978,0.0074087140589169,62811437.79795141,,,,,
2025-11-14,2025-11-14T14:30:00Z,0.0073248338641632,0.0076554586748812,0.0073248338641632,0.007614327406436,57664821.08986361,,,,,
2025-11-17,2025-11-17T14:30:00Z,0.007610384492388,0.007610384492388,0.0074956184792905,0.0074956184792905,68774530.11417125,,,,,
2025-11-18,2025-11-18T14:30:00Z,0.0076187522272229,0.0077757488952395,0.0075508054939391,0.0075508054939391,46545933.78414033,,,,,
2025-11-19,2025-11-19T14:30:00Z,0.0073211879083555,0.0075425782283557,0.0073211879083555,0.00735447303415,72076342.51355606,,,,,
2025-11-20,2025-11-20T14:30:00Z,0.0075233222991272,0.0075597079219807,0.0074560056459148,0.0075597079219807,75726092.43593283,,,,,
2025-11-21,2025-11-21T14:30:00Z,0.0072723678264798,0.0077085541314342,0.0072723678264798,0.0074831899356517,75028792.25143525,,,,,
2025-11-24,2025-11-24T14:30:00Z,0.0075436956257984,0.0076175380695964,0.0075436956257984,0.0076002762505755,42930572.86068054,,,,,
2025-11-25,2025-11-25T14:30:00Z,0.0074580884543509,0.0075530339886529,0.0074580884543509,0.0074752906682159,32041828.53622705,,,,,
2025-11-26,2025-11-26T14:30:00Z,0.007496140450444,0.007595891643481,0.007496140450444,0.0075642715342258,42682063.02242531,,,,,
2025-11-28,2025-11-28T14:30:00Z,0.0077591609495356,0.0077591609495356,0.0075668154752092,0.0075668154752092,32728563.65413954,,,,,
2025-12-01,2025-12-01T14:30:00Z,0.00712841507227,0.0075576755458627,0.00712841507227,0.0074178306506048,55324253.82050574,,,,,
2025-12-02,2025-12-02T14:30:00Z,0.0077196152870882,0.0077445310535579,0.0075089901058797,0.0075089901058797,50863419.40649585,,,,,
2025-12-03,2025-12-03T14:30:00Z,0.0077561014664869,0.0077561014664869,0.0074279830910736,0.0074364127146354,44484689.28604718,,,,,
2025-12-04,2025-12-04T14:30:00Z,0.007554238776022,0.0075847742915399,0.0075265465834292,0.0075847742915399,41855778.89960929,,,,,
2025-12-05,2025-12-05T14:30:00Z,0.0074856413529036,0.0075636168572099,0.0074778295505786,0.0075582164593807,46776109.89800807,,,,,
2025-12-08,2025-12-08T14:30:00Z,0.0077659689165215,0.0077659689165215,0.0075556394169536,0.0075909101091593,35204895.96572999,,,,,
2025-12-09,2025-12-09T14:30:00Z,0.0075237055930158,0.0075831754132785,0.0075237055930158,0.0075831754132785,59330521.84468027,,,,,
2025-12-10,2025-12-10T14:30:00Z,0.0075791357585764,0.0076362739554635,0.0075502821588771,0.0076362739554635,56353739.64516478,,,,,
2025-12-11,2025-12-11T14:30:00Z,0.0072420181411351,0.0075543055092084,0.0072420181411351,0.0075308973753061,38982341.20603821,,,,,
2025-12-12,2025-12-12T14:30:00Z,0.0075335907335907,0.0075614056400271,0.0075210644916354,0.0075422896537418,48170079.04692203,,,,,
2025-12-15,2025-12-15T14:30:00Z,0.0077209615127208,0.0077209615127208,0.0074588364619757,0.0074588364619757,60592033.01775429,,,,,
2025-12-16,2025-12-16T14:30:00Z,0.0074688013163973,0.0076415989324696,0.0074688013163973,0.0075193298751615,33519503.34519944,,,,,
2025-12-17,2025-12-17T14:30:00Z,0.0075026071813079,0.0075551536115548,0.0075026071813079,0.0075220068093213,61085477.62448773,,,,,
2025-12-18,2025-12-18T14:30:00Z,0.0078996856355559,0.0078996856355559,0.0074249811723691,0.0074249811723691,61951802.53786612,,,,,
2025-12-19,2025-12-19T14:30:00Z,0.0079053898778482,0.0079053898778482,0.0075601465648045,0.0075989729303371,46827177.41445464,,,,,
2025-12-22,2025-12-22T14:30:00Z,0.0077008909984178,0.0077008909984178,0.0074733297207807,0.0074733297207807,34763702.46518541,,,,,
2025-12-23,2025-12-23T14:30:00Z,0.0073933466528817,0.0075651234984478,0.0073933466528817,0.0075651234984478,24870474.70831547,,,,,
2025-12-24,2025-12-24T14:30:00Z,0.0074614779900738,0.0075528177553579,0.0074614779900738,0.0075256115195828,19275629.97284409,,,,,
2025-12-26,2025-12-26T14:30:00Z,0.0077479854893219,0.0077479854893219,0.0075221386800334,0.0075642655077692,22413839.64847701,,,,,
2025-12-29,2025-12-29T14:30:00Z,0.0075051610694346,0.0075624473516821,0.0073334424619413,0.0075283248966132,25188109.3168752,,,,,
2025-12-30,2025-12-30T14:30:00Z,0.0076366176069773,0.0076366176069773,0.007514596759267,0.007514596759267,30034687.54651521,,,,,
2025-12-31,2025-12-31T14:30:00Z,0.0076429648376501,0.0076429648376501,0.0075215562843842,0.0075556992811474,18730553.39545827,,,,,
2026-01-02,2026-01-02T14:30:00Z,0.007636003824665,0.0076711416394479,0.0075462761463427,0.0075462761463427,54772654.23267638,,,,,
2026-01-05,2026-01-05T14:30:00Z,0.0075859062516904,0.0076058365179413,0.007556578565112,0.0076058365179413,53975130.22873406,,,,,
2026-01-06,2026-01-06T14:30:00Z,0.0077544626932799,0.0077544626932799,0.0074364788121059,0.0074364788121059,41928271.89162718,,,,,
2026-01-07,2026-01-07T14:30:00Z,0.007319753165114,0.0075510125658071,0.007319753165114,0.007478477270861,32167931.23477373,,,,,
2026-01-08,2026-01-08T14:30:00Z,0.0073300215068705,0.0075538919455217,0.0073300215068705,0.0075538919455217,29835003.55061193,,,,,
2026-01-09,2026-01-09T14:30:00Z,0.0075262201721383,0.007552345908573,0.0075165305328665,0.0075165305328665,27664166.28381501,,,,,
2026-01-12,2026-01-12T14:30:00Z,0.0074437869063724,0.0075800203082455,0.0074437869063724,0.0075800203082455,23741064.73420342,,,,,
2026-01-13,2026-01-13T14:30:00Z,0.0077030540572005,0.0077030540572005,0.0072179274829403,0.0072899767334764,39517839.87318716,,,,,
2026-01-14,2026-01-14T14:30:00Z,0.0075427174851989,0.0076311520385523,0.0075427174851989,0.0076311520385523,57874766.70721993,,,,,
2026-01-15,2026-01-15T14:30:00Z,0.0075892444452396,0.0075892444452396,0.0074845064988304,0.0074845064988304,38718751.03114015,,,,,
2026-01-16,2026-01-16T14:30:00Z,0.0075507755746728,0.0075557736020842,0.0075412014805771,0.0075517742723677,29137574.61163631,,,,,
2026-01-20,2026-01-20T14:30:00Z,0.0072690880227892,0.0077465953575563,0.0072690880227892,0.0077180773918549,65728418.32946304,,,,,
2026-01-21,2026-01-21T14:30:00Z,0.0076327561671444,0.0076762037683182,0.0075473542369212,0.0076762037683182,54788343.24163692,,,,,
2026-01-22,2026-01-22T14:30:00Z,0.0075257092049858,0.0075481573818362,0.0074054922832695,0.0075149740179179,32938617.40957659,,,,,
2026-01-23,2026-01-23T14:30:00Z,0.0075212690234891,0.0075551636344348,0.0075153607880972,0.0075153607880972,32512093.99575162,,,,,
2026-01-26,2026-01-26T14:30:00Z,0.0077411974520482,0.0077411974520482,0.0074781290335798,0.0074781290335798,33050731.69842088,,,,,
2026-01-27,2026-01-27T14:30:00Z,0.0075493731049741,0.0075672336195709,0.0075363293953126,0.0075523004247548,41366371.01962174,,,,,
2026-01-28,2026-01-28T14:30:00Z,0.007548443009586,0.0075616001064077,0.0075423135459228,0.0075616001064077,27361850.53759257,,,,,
2026-01-29,2026-01-29T14:30:00Z,0.0073221096454329,0.007545907907937,0.0073221096454329,0.0074884710890386,58429649.78065075,,,,,
2026-01-30,2026-01-30T14:30:00Z,0.0073075558708761,0.0075446909980103,0.0073075558708761,0.0074606990937673,50137012.81875044,,,,,
2026-02-02,2026-02-02T14:30:00Z,0.0077123428334706,0.0080973348783314,0.007459759923612,0.007459759923612,98497899.9553379,,,,,
2026-02-03,2026-02-03T14:30:00Z,0.007431703771904,0.0077680167366266,0.007431703771904,0.0077680167366266,102463084.99470156,,,,,
2026-02-04,2026-02-04T14:30:00Z,0.0074374425950402,0.007617538052726,0.0073182957393483,0.007617538052726,72504603.14934607,,,,,
2026-02-05,2026-02-05T14:30:00Z,0.0073091032830366,0.0077041518035715,0.0073091032830366,0.0077041518035715,111439113.74456272,,,,,
2026-02-06,2026-02-06T14:30:00Z,0.0080712328767123,0.0084401733905185,0.0075186511995423,0.0075186511995423,73990172.12887256,,,,,
2026-02-09,2026-02-09T14:30:00Z,0.0073241486275598,0.0076175541140969,0.0073241486275598,0.0076175541140969,41531759.82820374,,,,,
2026-02-10,2026-02-10T14:30:00Z,0.0072730296766222,0.0075594875844343,0.0072730296766222,0.0075160086038519,30938738.96297259,,,,,
2026-02-11,2026-02-11T14:30:00Z,0.0074281051408224,0.0075990973817889,0.0074226114006979,0.0075990973817889,39618440.08457114,,,,,
2026-02-12,2026-02-12T14:30:00Z,0.0077231416029511,0.0077231416029511,0.0074265434730132,0.0074265434730132,32330461.67935348,,,,,
2026-02-13,2026-02-13T14:30:00Z,0.0076629139617059,0.0077142129632035,0.0075376271120245,0.0075376271120245,41165725.70138328,,,,,
2026-02-17,2026-02-17T14:30:00Z,0.0075140372123747,0.0075563251353242,0.0075140372123747,0.0075559036459117,34331633.24662306,,,,,
2026-02-18,2026-02-18T14:30:00Z,0.0074483735081914,0.0075489355065117,0.0074483735081914,0.0074782884278214,33409876.47461658,,,,,
2026-02-19,2026-02-19T14:30:00Z,0.0074333098166722,0.0075525910723447,0.0074174718196457,0.0075525910723447,26329510.47523448,,,,,
2026-02-20,2026-02-20T14:30:00Z,0.007516906626166,0.0075959238847873,0.007516906626166,0.0075620606996302,29358458.7605596,,,,,
2026-02-23,2026-02-23T14:30:00Z,0.0073907980223103,0.0075680450743068,0.0073907980223103,0.0075680450743068,31371645.93719489,,,,,
2026-02-24,2026-02-24T14:30:00Z,0.0073741307521182,0.0075733448489919,0.0073741307521182,0.0075733448489919,25829492.8367277,,,,,
2026-02-25,2026-02-25T14:30:00Z,0.0080424902572517,0.0080424902572517,0.0073204400630255,0.007618603385614,45825928.15278331,,,,,
2026-02-26,2026-02-26T14:30:00Z,0.007594899803689,0.007594899803689,0.0075330470455581,0.0075382582629959,30435521.12546538,,,,,
2026-02-27,2026-02-27T14:30:00Z,0.007267420361596,0.0076310796917891,0.0071709248070391,0.0075223416655873,30423289.75306018,,,,,
2026-03-02,2026-03-02T14:30:00Z,0.0075006959408604,0.0075806897095959,0.0075006959408604,0.0075806897095959,59338317.69517282,,,,,
2026-03-03,2026-03-03T14:30:00Z,0.007303481605681,0.0075462209272182,0.007303481605681,0.007528920535345,43810853.91771436,,,,,
2026-03-04,2026-03-04T14:30:00Z,0.007922299937973,0.0080216791019833,0.0075598468937802,0.0076354529350681,70289367.73333237,,,,,
2026-03-05,2026-03-05T14:30:00Z,0.0075191856721917,0.0076218409157786,0.0074446708905803,0.0076218409157786,45456681.07376607,,,,,
2026-03-06,2026-03-06T14:30:00Z,0.0073176496693309,0.0075458538237211,0.0072664211084516,0.0075458538237211,35473625.82086691,,,,,
2026-03-09,2026-03-09T13:30:00Z,0.0078675931566394,0.0078675931566394,0.0075502008032128,0.0077070807864531,38963889.392839,,,,,
2026-03-10,2026-03-10T13:30:00Z,0.0077909047583214,0.0077909047583214,0.0075596550048352,0.0075596550048352,31951058.43209866,,,,,
2026-03-11,2026-03-11T13:30:00Z,0.0075943153089025,0.007644149959806,0.0075588362172266,0.007644149959806,25387765.20179506,,,,,
2026-03-12,2026-03-12T13:30:00Z,0.0075687816380918,0.007624473619024,0.0075363436919887,0.0075363436919887,24103964.13642057,,,,,
2026-03-13,2026-03-13T13:30:00Z,0.0079530821207575,0.0079530821207575,0.0075700672392105,0.0075926987767584,47074040.93375942,,,,,
2026-03-16,2026-03-16T13:30:00Z,0.0079062359431944,0.0079062359431944,0.007439260013663,0.0074853671910532,56830291.41278332,,,,,
2026-03-17,2026-03-17T13:30:00Z,0.0074521223457393,0.0075813987920275,0.0074521223457393,0.0075673903289269,36092763.26359821,,,,,
2026-03-18,2026-03-18T13:30:00Z,0.0072951134387982,0.0075948955614789,0.0072122135325804,0.0074882910358348,46144032.36865851,,,,,
2026-03-19,2026-03-19T13:30:00Z,0.0072887686700947,0.0075587486903158,0.0072887686700947,0.0075587486903158,42284658.60962295,,,,,
2026-03-20,2026-03-20T13:30:00Z,0.0075818521983161,0.0075818521983161,0.0074522632459154,0.0075010366339447,33842749.09801534,,,,,
2026-03-23,2026-03-23T13:30:00Z,0.0079011552336025,0.007902607835867,0.0075351160981203,0.0075657237395494,51032351.15100652,,,,,
2026-03-24,2026-03-24T13:30:00Z,0.0075463632012564,0.0075513175550289,0.0074078540880036,0.0074078540880036,36764366.14832181,,,,,
2026-03-25,2026-03-25T13:30:00Z,0.0076442102528897,0.0076442102528897,0.0075553898842112,0.007568350367118,44981713.9080309,,,,,
2026-03-26,2026-03-26T13:30:00Z,0.0072242539395588,0.00754520235308,0.0072242539395588,0.0075075147989336,39090910.4106228,,,,,
2026-03-27,2026-03-27T13:30:00Z,0.0073108786651515,0.0075504293481022,0.007307568174264,0.0075366917889726,54242811.09885605,,,,,
2026-03-30,2026-03-30T13:30:00Z,0.0078846541641459,0.0078846541641459,0.0075326133370436,0.0075415973172261,44902794.26479144,,,,,
2026-03-31,2026-03-31T13:30:00Z,0.0076698175640303,0.0076698175640303,0.0075247298845384,0.0075247298845384,40178308.2179212,,,,,
2026-04-01,2026-04-01T13:30:00Z,0.0076592103073668,0.0076592103073668,0.0075523194406797,0.0075523194406797,40239896.00109393,,,,,
2026-04-02,2026-04-02T13:30:00Z,0.0071644623965068,0.0076009570494864,0.0071644623965068,0.0076009570494864,41210021.50439958,,,,,
2026-04-06,2026-04-06T13:30:00Z,0.0076754593897559,0.0076885838767548,0.0075399070101129,0.0076885838767548,29838514.76489854,,,,,
2026-04-07,2026-04-07T13:30:00Z,0.0074713298397508,0.0075487269108473,0.0070307275351096,0.0071209171919924,35878678.41310457,,,,,
2026-04-08,2026-04-08T13:30:00Z,0.0076153574888068,0.0076342848793673,0.0075406543455663,0.0076342848793673,38817060.90345043,,,,,
2026-04-09,2026-04-09T13:30:00Z,0.0075125132439443,0.007658303573875,0.0074990425806681,0.007658303573875,29167400.66609143,,,,,
2026-04-10,2026-04-10T13:30:00Z,0.0076638851970093,0.0076648775825306,0.007514094432699,0.0075919832219397,30197448.66164662,,,,,
2026-04-13,2026-04-13T13:30:00Z,0.0075705719683487,0.0075705719683487,0.0071544586452666,0.0072076938333706,34794264.43363835,,,,,
2026-04-14,2026-04-14T13:30:00Z,0.007569205064701,0.007569205064701,0.0075287331582798,0.0075287331582798,41104486.8541719,,,,,
2026-04-15,2026-04-15T13:30:00Z,0.0075895528492033,0.0076142454609012,0.0075580737493661,0.0076142454609012,26381580.76151003,,,,,
2026-04-16,2026-04-16T13:30:00Z,0.0074693578385889,0.0076112461595597,0.0074547345449585,0.00760989243669,26228420.91572996,,,,,
